Tag 1,Tag 2,Tag 3,Title,Description,Tag 4,
55,Services,Offer Management,Offer feeds,Lorem ipsum,7776,
68,Compliance,My Documents,Sign documents digitally ,"(1) Lorem ipsum
(2) Lorem ipsum  
(3) Lorem ipsum 
(4) Lorem ipsum 
(5) Lorem ipsum
(6) Lorem ipsum (some, text, in here)",4374,
106,Timeline,My Lettings / Sales  timeline,Sales / Lettings timeline,"(1) Lorem ipsum
(2) Lorem ipsum
(3) Lorem ipsum
(4) Lorem ipsum
(5) Lorem ipsum",4374,
48,Services,My Maintenance,Property works,"(1) Lorem ipsum (some, text, in here) 
(2) Lorem ipsum 
(3) Lorem ipsum 
(4) Lorem ipsum ",2916,